{
  "name": "retail-restock-system",
  "version": "1.0.0",
  "description": "Professional retail inventory management system with PWA capabilities",
  "main": "server/index.ts",
  "scripts": {
    "dev": "NODE_ENV=development tsx server/index.ts",
    "build": "npm run build:client && npm run build:server",
    "build:client": "vite build --config vite.config.ts",
    "build:server": "tsc server/index.ts --outDir dist --target es2020 --module commonjs --esModuleInterop --allowSyntheticDefaultImports --skipLibCheck",
    "start": "node dist/index.js",
    "vercel-build": "npm run build",
    "db:generate": "drizzle-kit generate:pg",
    "db:push": "drizzle-kit push:pg",
    "db:studio": "drizzle-kit studio"
  },
  "dependencies": {
    "@hookform/resolvers": "^3.3.2",
    "@neondatabase/serverless": "^0.9.0",
    "@sendgrid/mail": "^8.1.0",
    "@tanstack/react-query": "^5.8.4",
    "connect-pg-simple": "^9.0.1",
    "date-fns": "^2.30.0",
    "drizzle-orm": "^0.29.0",
    "drizzle-zod": "^0.5.1",
    "express": "^4.18.2",
    "express-session": "^1.17.3",
    "framer-motion": "^10.16.5",
    "fs-extra": "^11.2.0",
    "lucide-react": "^0.294.0",
    "marked": "^11.1.1",
    "memorystore": "^1.6.7",
    "next-themes": "^0.2.1",
    "node-cron": "^3.0.3",
    "passport": "^0.7.0",
    "passport-local": "^1.0.0",
    "puppeteer": "^21.6.1",
    "react": "^18.2.0",
    "react-dom": "^18.2.0",
    "react-hook-form": "^7.48.2",
    "react-icons": "^4.12.0",
    "tailwind-merge": "^2.0.0",
    "tailwindcss": "^3.3.6",
    "tailwindcss-animate": "^1.0.7",
    "tw-animate-css": "^0.1.0",
    "wouter": "^2.12.1",
    "ws": "^8.14.2",
    "xlsx": "^0.18.5",
    "zod": "^3.22.4",
    "zod-validation-error": "^1.5.0"
  },
  "devDependencies": {
    "@jridgewell/trace-mapping": "^0.3.20",
    "@replit/vite-plugin-cartographer": "^1.0.0",
    "@replit/vite-plugin-runtime-error-modal": "^1.0.0",
    "@tailwindcss/typography": "^0.5.10",
    "@tailwindcss/vite": "^4.0.0-alpha.2",
    "@types/connect-pg-simple": "^7.0.3",
    "@types/express": "^4.17.21",
    "@types/express-session": "^1.17.10",
    "@types/node": "^20.9.4",
    "@types/node-cron": "^3.0.11",
    "@types/passport": "^1.0.16",
    "@types/passport-local": "^1.0.38",
    "@types/react": "^18.2.38",
    "@types/react-dom": "^18.2.17",
    "@types/ws": "^8.5.10",
    "@vitejs/plugin-react": "^4.1.1",
    "autoprefixer": "^10.4.16",
    "drizzle-kit": "^0.20.4",
    "esbuild": "^0.19.8",
    "postcss": "^8.4.32",
    "tsx": "^4.1.4",
    "typescript": "^5.2.2",
    "vite": "^5.0.0"
  },
  "engines": {
    "node": ">=18.0.0"
  },
  "keywords": [
    "retail",
    "inventory",
    "pwa",
    "restock",
    "management"
  ]
}